nazwa,email,adresWWW,telefon,powiat
Niepubliczny Żłobek Stefanek,marta.lenar@gmail.com,http://www.stefanekprzemysl.pl,602401412,Przemyśl
Żłobek Miejski Nr 3,zlobek3@zlobki.mielec.pl,http://zlobki.mielec.pl/,177874651,Mielecki
Żłobek Parafialny,przedszkoleop@wp.pl,przedszkoleudominikanek.pl,178552068,Rzeszowski
Klub Malucha,bpasieczynska@gmail.com,,660477996,Mielecki
Niepubliczny Żłobek Mała Bajka II,przedszkole@bajka-tarnobrzeg.pl,http://www.bajka-tarnobrzeg.pl,733024646,Tarnobrzeg
Żłobek Gminny w Trzcianie,zlobek.trzciana@swilcza.com.pl,trzciana-zlobek.swilcza.com.pl,178514024,Rzeszowski
Akademia Maluszka Słodki Bobasek s.c,KONTAKT@SLODKIBOBASEK.PL,http://WWW.SLODKIBOBASEK.PL,695761799,Rzeszowski
Żłobek Niepubliczny Kubuś w Zagórzu,januszkrajnik@op.pl,http://www.parafia-tarnawa.pl,692695648,Sanocki
Żłobek Nr 10 RUMCAJS,zlobek10@mzz.resman.pl,mzz.resman.pl,177481144,Rzeszów
Akademia Maluszka Słodki Bobasek,KONTAKT@SLODKIBOBASEK.PL,http://WWW.SLODKIBOBASEK.PL,695761799,Rzeszów
Żłobek Miejski w Stalowej Woli,zlobekmiejski@stalowawola.pl,zlobek-stalowawola.pl,158425709,Stalowowolski
Żłobek Nr 3 KRZYŚ,zlobek3@mzz.resman.pl,mzz.resman.pl,177481124,Rzeszów
Żłobek Miejski Kolorowe Nutki w Krośnie,sekretariat@zmkrosno.pl,zmkrosno.pl,134743980,Krosno
Gminny Żłobek nr 1,zlobek@glogow-mlp.pl,http://zlobek.glogow-mlp.pl/,17856400,Rzeszowski
Żłobek Miejski Nr 5,zlobek5@zlobki.mielec.pl,http://zlobki.mielec.pl/,177874661,Mielecki
Żłobek Miejski Nr 7,zlobek7@zlobki.mielec.pl,http://zlobki.mielec.pl/,177874671,Mielecki
Żłobek Miejski,zlobekdebica@interia.pl,http://www.zlobekdebica.pl,146812414,Dębicki
Niepubliczny Żłobek Nazaret,przedszkolekatolickie@parafiaserbinow.pl,http://zlobek-nazaret.pl/,797592193,Tarnobrzeg
Akademia Malucha,akademia.tbg@wp.pl,,539693220,Tarnobrzeg
MALUSZKOWO,biuro@maluszkowo.com.pl,http://www.maluszkowo.com.pl,608350998,Rzeszów
ŻŁOBEK  SAMORZĄDOWY,psnr1b@wp.pl,http://www.ps1.brzozow.pl,134341254,Brzozowski
MALI ZDOBYWCY,malizdobywcy@op.pl,http://www.malizdobywcy.eu,784533322,Rzeszów
Miejsko - Gminny Żłobek w Kańczudze,mgpkanczuga@op.pl,,166423870,Przeworski
Miejskie Przedszkole Nr 1,sekretariat@mp1.jaroslaw.pl,http://www.mp1.jaroslaw.pl/,166271366,Jarosławski
Miejskie Przedszkole Nr 10,sekretariat@mp10.jaroslaw.pl,http://www.dziesiateczka.jaroslaw.pl,166216624,Jarosławski
Żłobek Maluszek w Błażowej,maluszek@blazowa.com.pl,http://www.maluszek.blazowa.com.pl,17/2305217,Rzeszowski
Żłobek Samorządowy,zlobekstrzyzow@wp.pl,http://www.zlobek-strzyzow.pl,533572429,Strzyżowski
GMINNY ŻŁOBEK IM. JANUSZA KORCZAKA W MIEJSCU PIASTOWYM,zlobek@miejscepiastowe.pl,http://www.zlobek-miejscepiastowe.pl,690450316,Krośnieński
Prywatny Żłobek Zielony Motylek,juliaszargut@zielonymotylek.pl,http://WWW.ZIELONYMOTYLEK.PL,698540532,Rzeszów
Żłobek Gminny w Bratkowicach,zlobek.bratkowice@swilcza.com.pl,www:przedszkolebratkowice.edupage.org,178551434,Rzeszowski
Niepubliczny Żłobek Klasa Bobasa,zlobek.tyczyn@gmail.com,http://www.zlobek-tyczyn.pl,575976900,Rzeszowski
Żłobek Miejski Kolorowe Nutki w Krośnie,sekretariat@zmkrosno.pl,zmkrosno.pl,134743980,Krosno
Niepubliczny Żłobek MAGICZNY ŚWIAT MALUCHA,sekretariat@magicznyswiatmalucha.pl,http://www.zlobekmagicznyswiatmalucha.pl,605173020,Rzeszów
Domowy Żłobek Bejbuś,bejbus-ostrow@o2.pl,https://www.facebook.com/bejbus.ostrow,731913408,Przemyski
Zespół Klubów Dziecięcych Żłobkowe Krasnale Klub Dziecięcy Żłobkowe Krasnale I,krasnale.strzyzow@gmail.com,http://www.ekrasnale.pl,665211852,Strzyżowski
Klub Dziecięcy Bajkolandia,l.bajkolandia@interia.pl,http://bajkolandia.lezajsk.pl/,535084567,Leżajski
Żłobek MISIETULISIE A. Stopyra K. Krawczyk s.c.,misietulisie.klubmalucha@o2.pl,,530900333,Rzeszowski
Żłobek Niepubliczny KUBUŚ w Zagórzu Filia w Tarnawie Dolnej,januszkrajnik@op.pl,http://www.parafia-tarnawa.pl,692695648,Sanocki
Słoneczko,dyrektor@zlobek.hyzne.pl,http://www.hyzne.pl,172295275,Rzeszowski
Żłobek Tygrysek w Łańcucie,tygrysekbiuro@gmail.com,http://www.tygrysek-przedszkole.pl,785195063,Łańcucki
Żłobek Maluszkowo,biuro@maluszkowo.com.pl,http://www.maluszkowo.com.pl,535510555,Rzeszowski
Publiczny Żłobek w Czudcu,Zlobek@czudec.pl,http://www.zlobekczudec.pl,172508515,Strzyżowski
MALUSZKOWO PRIMUS,biuro@maluszkowo.com.pl,http://www.maluszkowo.com.pl,535050555,Rzeszów
Gminny Złobek im.Matki Anny Kaworek w Łężanach,zlobek@miejscepiastowe.pl,zlobek-miejscepiastowe.pl,504793751,Krośnieński
klub dziecięcy Jagódka,edytalenar@interia.pl,,505985085,Przemyśl
Gminny Żłobek nr 3,zlobek@glogow-mlp.pl,http://zlobek.glogow-mlp.pl/,177897220,Rzeszowski
Żłobek Miejski Nr 1 w Łańcucie,zlobek1lancut@wp.pl,,172252144,Łańcucki
Niepubliczny Żłobek Krasnal,sylwia.wojcik@begg.pl,http://www.krasnal-przedszkole.pl/,695990440,Tarnobrzeski
Klub Dziecięcy Stefanek,marta.lenar@gmail.com,http://www.stefanekprzemysl.pl,602401412,Przemyśl
Niepubliczny Żłobek Mistrzowie Zabawy,jolanta.kordas.mistrzowiezabawy@gmail.com,https://www.przedszkolemistrzowiezabawy.mielec.pl/,506581688,Mielecki
Prywatny Żłobek LEŚNE LUDKI,zlobeklesneludki@gmail.com,http://www.lesneludki-rzeszow.com,606668035,Rzeszów
Niepubliczny Żłobek Wesoły Bobas Anna Stypa,kontakt@wesolybobas.pl,http://www.wesolybobas.pl,605625888,Mielecki
Żłobek Nr 7 CALINECZKA,zlobek7@mzz.resman.pl,mzz.resman.pl,177481940,Rzeszów
Żłobek Miejski w Nowej Dębie,zlobekmiejski@nd.naszzlobek.com,http://p5nowadeba.edupage.org,158462044,Tarnobrzeski
"Żłobek ,Jaś i Małgosia",jasimalgosialancut@gmail.com,jas-malgosia.com,609214208,Łańcucki
Wesołe Perełki,kontakt@wesoleperelki.pl,http://www.wesoleperelki.pl,691275400,Rzeszów
Tygrysek s.c. Elżbieta Walawender i Maria Golenia,tygrysekbiuro@gmail.com,http://www.tygrysek-przedszkole.pl,"785195063,600710655",Łańcucki
Klub Dziecięcy Angelandia,coird.awagner@gmail.com,,721703904,Krośnieński
Żłobek Miejski w Ropczycach,zlobekropczyce@interia.pl,http://www.zlobekropczyce.eu,172212541,Ropczycko-sędziszowski
żłobek Mali Odkrywcy,zuraweljoanna@gmail.com,http://www.maliodkrywcy.przemysl.pl,663061285,Przemyśl
Gminny Żłobek nr 2,zlobek@glogow-mlp.pl,http://zlobek.glogow-mlp.pl/,177897210,Rzeszowski
Kraina Maluszka,s.s.ostoja@gmail.com,http://www.zlobek-krainamaluszka.pl,883633030,Przemyśl
UCZELNIANE MALUSZKOWO,biuro@maluszkowo.com.pl,http://www.maluszkowo.com.pl,535383555,Rzeszów
Żłobek Nr 5  KAROLINKA,zlobek5@mzz.resman.pl,mzz.resman.pl,177483478,Rzeszów
Filia Żłobka Miejskiego Nr 3 w Mielcu,filiazlobek3@zlobki.mielec.pl,http://zlobki.mielec.pl/,177874655,Mielecki
ŻŁOBEK MIEJSKI W RUDNIKU NAD SANEM,zlobekmiejski@rudnik.pl,https://www.facebook.com/%C5%BB%C5%82obek-Miejski-w-Rudniku-nad-Sanem-642152426159160/,156492077,Niżański
Żłobek Miejski w Ropczycach,tobiasza@zojoropczyce.pl,http://www.zlobekropczyce.eu,172212541,Ropczycko-sędziszowski
PTASIE RADIO,zlobek.ptasieradio@op.pl,http://www.zlobekptasieradio.pl,668640383,Rzeszów
ŻŁOBEK KRAINA SZCZĘŚCIA,biuro@krainaszczescia.edu.pl,http://www.krainaszczescia.edu.pl,172000660,Rzeszów
Żłobek Samorządowy Nr 1,dyrektor@zlobek1.sanok.pl,http://www.zs1-sanok.ires.pl,134633443,Sanocki
Niepubliczny Żłobek U Michalitek,jasloszkolna@michalitki.pl,,797907033,Jasielski
Samorządowy Żłobek w Jedliczu,zlobek@jedlicze.pl,zlobek.jedlicze.pl,133061380,Krośnieński
Żłobek Gminny w Brzeźnicy,zlobek.brzeznica@gzeas.pl,brzeznica.ugdebica.pl,146815263,Dębicki
Żłobek Radosne Słoneczko,nspsolonka@gmail.com,,882171777,Rzeszowski
RAMTAMTAM,zlobekramtamtam@gmail.com,http://www.zlobekramtamtam.pl,570347299,Przemyśl
Żłobek Miejski Kolorowe Nutki w Krośnie,sekretariat@zmkrosno.pl,zmkrosno.pl,134743980,Krosno
Zielona Dolina,wssg@vp.pl,http://www.wssgprzeworsk.edu.pl,721207300,Przeworski
Logopedyczny Punkt Przedszkolny i Żłobek SOKOLIK,biuro@sokolik.edu.pl,http://www.sokolik.edu.pl,575246624,Rzeszowski
Niepubliczny Żłobek Bajkowa Akademia,akademia.bajkowa@gmail.com,http://www.bajkowa-akademia.com,785808055,Mielecki
Żłobek Kurki Trzy,biuro@kurkitrzy.pl,http://www.kurkitrzy.pl,787484899,Rzeszów
Żłobek Nr 11 SŁONECZKO,zlobek11@mzz.resman.pl,mzz.resman.pl,177481132,Rzeszów
Żłobek Samorządowy w Wiśniowej,zlobek@wisniowa.pl,http://www.zlobekwisniowa.pl,173333141,Strzyżowski
żłobek Jagódka,edytalenar@interia.pl,,505985085,Przemyśl
Gminny Żłobek w Dąbkowie Kraina Malucha,zlobek@lubaczow.com.pl,http://www.gminalubaczow.pl,731966559,Lubaczowski
Żłobek Miejski w Ustrzykach Dolnych,zlobekmiejski@ustrzyki-dolne.pl,zlobekmiejski.ustrzyki-dolne.pl,134939556,Bieszczadzki
Kraina marzeń,krainamarzen144@gmail.com,http://www.krainamarzen-buszkowice.pl,506164873,Przemyski
klub dziecięcy 'RAMTAMTAM,zlobekramtamtam@gmail.com,http://www.zlobekramtamtam.pl,570347299,Przemyśl
LISEK URWISEK,biuro@zlobek.rzeszow.pl,http://www.zlobek.rzeszow.pl,537507987,Rzeszów
Niepubliczny żłobek Wesoły maluszek,wesoly.maluszek@wp.pl,,794093538,Stalowowolski
Żłobek MALUSZKOWO,biuro@maluszkowo.com.pl,http://www.maluszkowo.com.pl,533324705,Dębicki
Żłobek Miejski Kolorowe Nutki w Krośnie,sekretariat@zmkrosno.pl,zmkrosno.pl,134743980,Krosno
Żłobek Maluszkowo,biuro@maluszkowo.com.pl,http://www.maluszkowo.com.pl,509555440,Rzeszowski
Prywatny Żłobek Bajkowy Zakątek,wcabaj@vp.pl,http://www.bajkowyzakatek.rzeszow.pl,693462302,Rzeszów
Żłobek Nr 8 KAJTEK,zlobek8@mzz.resman.pl,mzz.resman.pl,177481128,Rzeszów
Niepubliczny Żłobek Słoneczny Zakątek,przedszkole_slonecznyzakatek@wp.pl,http://www.slonecznyzakatek-kolbuszowa.pl/,533038500,Kolbuszowski
Żłobek Maluszkowo 2,biuro@maluszkowo.com.pl,http://www.maluszkowo.com.pl,517525555,Rzeszowski
Niepubliczny Żłobek OMNIBUSEK,omnibusek.elbast@o2.pl,http://www.omnibusek.eu,783140227,Przemyśl
Żłobek Miejski Nr 2 w Łańcucie,zlobek2lancut@wp.pl,,172253068,Łańcucki
Niepubliczny Żłobek WESOŁEK,wesolekropczyce@gmail.com,http://www.wesolek-ropczyce.pl,500267768,Ropczycko-sędziszowski
Żłobek Nr 1 WESOŁY MIŚ,zlobek1@mzz.resman.pl,mzz.resman.pl,177481120,Rzeszów
NIEPUBLICZNY ŻŁOBEK ENTLICZEK PENTLICZEK,entliczekipentliczek@gmail.com,https://entliczek-pentliczek.net.pl/,667193213,Rzeszów
Żłobek PICCOLO,poczta@piccolo.edu.pl,http://www.piccolo.edu.pl,661655677,Rzeszowski
Żłobek Fotonik,przedszkole.fotonik@gmail.com,,605857756,Leski
Samorządowy Żłobek w Raniżowie,zlobek@ranizow.pl,http://www.ranizow.pl,783191888,Kolbuszowski
Niepubliczny Żłobek Guziczek,kontakt@zlobek-guziczek.pl,http://www.zlobek-krosno.pl,662828983,Krosno
Żłobek Maluszkowo,biuro@maluszkowo.com.pl,http://www.maluszkowo.com.pl,500055518,Strzyżowski
Żłobek Pałacyk Malucha,debica@palacykmalucha.com.pl,http://www.debica.palacykmalucha.pl/kontakt,603097886,Dębicki
Akademia Małego Odkrywcy,klubmalucha.amo@wp.pl,,723779902,Leżajski
Zespół Żłobków Gminy Łańcut (Gminny Żłobek w Kosinie),zlobek.kosina@gminalancut.pl,zlobek-kosina.gminalancut.pl,721860863,Łańcucki
Niepubliczny Żłobek Radosny Maluszek,zlobek1.radomyslwielki@interia.pl,http://www.nasza-gmina.org,146820705,Mielecki
NIEPUBLICZNY ŻŁOBEK KRASNOLUDEK,krasnoludekzlobek@gmail.com,,729831281,Rzeszowski
NIEPUBLICZNY ŻŁOBEK TĘCZOWA DOLINA W PILŹNIE,teczowadolina@poczta.fm,http://teczowadolina-brzostek.pl/,530189678,Dębicki
MUSIC GARDEN AGATA TKACZOW,przedszkolakimuzyczne@gmail.com,http://www.przedszkolemuzyczne.edu.pl,518239319,Rzeszów
Żłobek Baltima Montessori,baltima.poczta@gmail.com,https://www.przedszkole-baltima.pl/,579809896,Dębicki
Samorządowy ŻŁobek w Gorzycach,zlobekgorzyce@wp.pl,http://www.zlobekgorzyce.szkolnastrona.pl,785375737,Tarnobrzeski
Żłobek Samorządowy w Hadlach Szklarskich,dyrektor@gzzjawornikpolski.pl,http://www.jawornikpolski.itl.pl,506246580,Przeworski
Żłobek nr 6 KOTEK PSOTEK,zlobek6@mzz.resman.pl,mzz.resman.pl,177481142,Rzeszów
Żłobek Misie Tulisie Stalowa Wola,dyrektor.stalowawola@misietulisie.edu.pl,https://www.misietulisie.edu.pl,536000281,Stalowowolski
Niepubliczny Żłobek  Tęczowe Misie 2,kontakt@teczowe-misie.pl,teczowe-misie.pl,728148655,Stalowowolski
Samorządowy Żłobek Psotna Andzia w Przecławiu,sekretariat.zlobek@przeclaw.org,http://www.przeclaw.naszzlobek.com,177493797,Mielecki
Gminny Żłobek nr 5,zlobek@glogow-mlp.pl,http://zlobek.glogow-mlp.pl/,177776471,Rzeszowski
Zespół Klubów Dziecięcych Klub Dziecięcy Żłobkowe Krasnale II,krasnale.podkarpacie@wp.pl,http://www.ekrasnale.pl,533155622,Strzyżowski
Niepubliczny Żłobek Kraina Odkrywcy II,liberato.spolka@gmail.com,,793481663,Rzeszów
Gminny Żłobek w Żyrakowie,zlobek@zyrakow.pl,http://www.zlobekzyrakow.pl,146876316,Dębicki
Niepubliczny Klub Dziecięcy Bajkowa Akademia Bobasa,agatazmuda@weldonkids.pl,,697770692,Dębicki
Sieniawskie skrzaty,cezary@e-cezar.pl,sieniawa.org,693105726,Przeworski
Niepubliczny Żłobek Tęczowy Świat Maluszka,ewamatyka@interia.pl,,691146730,Stalowowolski
Niepubliczny żłobek Wesoły maluszek II,wesoly.maluszek@wp.pl,,502595506,Stalowowolski
Samorządowy Żłobek w Tarnowcu,zlobek@tarnowiec.eu,zlobek.tarnowiec.eu,134255505,Jasielski
NIEPUBLICZNY ZESPÓŁ ŻŁOBKOWO PRZEDSZKOLNY MUSIC GARDEN,muzycznemaluchy@gmail.com,http://www.przedszkolemuzyczne.edu.pl,504827961,Rzeszowski
Niepubliczny Żłobek Przystań Malucha Małgorzata Rytarowska,przystan.malucha@gmail.com,http://www.przystanmalucha.pl,534226627,Rzeszów
Niepubliczny Klub Malucha Za-Bawni,zabawni@zabawni.edu.pl,zabawni.edu.pl,177157767,Strzyżowski
KOLOROWY ŻŁOBEK,biuro@kolorowe-przedszkole.pl,https://kolorowe-przedszkole.pl,606613509,Dębicki
"Klub Dziecięcy ,Smerfowo",katarzynabrud@onet.eu,,600629676,Przeworski
Niepubliczny Żłobek Bajkowy Żłobek,fabiolasr@wp.pl,fecebook Bajkowy Żłobek,503622105,Mielecki
GMINNY ŻŁOBEK W DUKLI,zlobek@dukla.pl,http://zlobek.dukla.pl/,609788797,Krośnieński
Żłobek Miejski w Dębicy Filia nr 2,zlobekmiejski@zlobekdebica.pl,,146812414,Dębicki
Miejski Żłobek Integracyjny w Stalowej Woli,zlobek.integracyjny@stalowawola.pl,http://www.zlobek-inegracyjny.pl,158194055,Stalowowolski
Gminny Żłobek Wesołe Krasnoludki w Jasionce,gz.jasionka@gmail.com,zsjasionka.szkola.pl,177723017,Rzeszowski
Żłobek Miejski Kolorowe Nutki w Krośnie,sekretariat@zmkrosno.pl,zmkrosno.pl,134743980,Krosno
NIEPUBLICZNY ŻŁOBEK SŁONECZNY ZAKĄTEK,przedszkole_slonecznyzakatek@wp.pl,http://www.npslonecznyzakatek.pl,533038500,Rzeszowski
Żłobek Gwiazdeczka,zlobek@ostrow.gmina.pl,http://www.ostrow.gmina.pl,177222200,Ropczycko-sędziszowski
Gminny Żłobek Akademia Malucha w Świerzowej Polskiej,akademiamalucha@chorkowka.pl,http://www.akademiamalucha.chorkowka.pl,134318011,Krośnieński
Gminny Żłobek w Rymanowie (Zespół Żłobków Gminy Rymanów),dyrektor.zlobek@rymanow.pl,http://www.rymanow.pl,732602708,Krośnieński
Samorządowy Żłobek w Nowosielcach,szn@zarszyn.pl,http://www.zarszyn.pl,538405027,Sanocki
Niepubliczny Żłobek EncePence,encepence.lancut@gmail.com,http://www.encepence-lancut.pl,782750782,Łańcucki
PRYWATNY ŻŁOBEK ZIELONY MOTYLEK,JULIASZARGUT@ZIELONYMOTYLEK.PL,http://WWW.ZIELONYMOTYLEK.PL,698540532,Rzeszowski
Prywatny żłobek Bajkowy Zakątek,wcabaj@vp.pl,http://www.bajkowyzakatek.rzeszow.pl,693462302,Ropczycko-sędziszowski
Niepubliczny żłobek Wesołe Smyki w Rzeszowie,katarzynamatejek@gmail.com,http://www.wesolesmyki.com,517303800,Rzeszów
Tajemniczy Ogród,bazacentrum@onet.eu,,515152511,Przemyśl
Żłobek Miejski w Dębicy Filia nr 1,zlobekmiejski@zlobekdebica.pl,,146812414,Dębicki
Żłobek Miejski w Dynowie,m.peszek@dynow.nazwa.pl,http://www.dynow.pl,166701036,Rzeszowski
Żłobek Maluszkowo V,biuro@maluszkowo.com.pl,http://www.maluszkowo.com.pl,517515555,Rzeszów
Niepubliczny Żłobek Mali Odkrywcy,waclawik.karolina@gmail.com,maliodkrywcy24.pl,697709281,Krosno
Miniakademia Bąbelkowo,joanna.piorun@gmail.com,,516135415,Stalowowolski
MISIETULISIE,MISIETULISIE.KLUBMALUCHA@O2.PL,,884900333,Rzeszowski
Zespół Żłobków Gminy Łańcut (Gminny Żłobek w Kraczkowej),zlobek.kraczkowa@gminalancut.pl,zlobek-kraczkowa.gminalancut.pl,721860863,Łańcucki
Żłobek Maluszkowo,biuro@maluszkowo.com.pl,http://www.maluszkowo.com.pl,512855155,Rzeszów
Żłobek PAŁACYK MALUCHA,RZESZOW@PALACYKMALUCHA.COM.PL,http://www.rzeszow.palacykmalucha.pl/,607141800,Rzeszów
Miejski Żłobek Radosny Zakątek,sekretariat@mz.jaroslaw.pl,mz.jaroslaw.pl,167363665,Jarosławski
Żłobek Promyczek,przedszkole.promyczek24@gmail.com,,166700350,Przemyśl
Gminny Żłobek Maluszek w Wielopolu Skrzyńskim,maluszek@wielopole.edu.pl,http://www.wielopole.eu,172769200,Ropczycko-sędziszowski
Żłobek Samorządowy w Jaworniku Polskim,dyrektor@gzzjawornikpolski.pl,http://www.jawornikpolski.itl.pl,506246580,Przeworski
Prywatny Tęczowy oddział żłobkowy,zofia.zwoliska1@o2.pl,,506039525,Przemyski
Publiczny Żłobek w Rakszawie,publicznyzlobek@rakszawa.pl,,172258069,Łańcucki
MUSIC GARDEN AGATA TKACZOW,muzycznemaluchy@gmail.com,przedszkolemuzyczne.edu.pl,518239319,Rzeszowski
Super Żłobek Tosia i Ja,justyna@grupampd.pl,http://www.tosiaija.rzeszow.pl,+48516967725,Rzeszów
Żłobek Miejski nr 2 w Tarnobrzegu,zlobek2@oswiata.tarnobrzeg.pl,http://www.tarnobrzeg.pl,158143414,Tarnobrzeg
Żłobek w Ustrobnej,zlobek@wojaszowka.pl,http://www.wojaszowka.pl   zakładka Rozwój Opieki Żłobkowej w Gminie Wojaszówka,133061364,Krośnieński
żłobek Puchatek  w Siedlance,k.kwasnik@niwiska.pl,,783165689,Kolbuszowski
Żłobek w Ostrowie,zlobekostrow@wp.pl,http://www.gac.pl,698670554,Przeworski
Żłobek Gminny w Nagawczynie,zlobek.nagawczyna@gzeas.pl,ugdebica.pl,146815427,Dębicki
Żłobek EKOMALUCHY,ekomaluchy@interia.pl,,791752347,Lubaczowski
Niepubliczny Żłobek Guziczek,kontakt@zlobek-guziczek.pl,http://www.zlobek-jaslo.pl,662828983,Jasielski
Niepubliczny Żłobek Słoneczny Zakątek,slonecznyzakatek@wp.pl,"http://www.slonecznyzakatek.pl, www.slonecznyzakatek-kolbuszowa.pl",535842400,Kolbuszowski
Żłobek Gminny w Mrowli,zlobek.mrowla@swilcza.com.pl,zlobek-mrowla.pl,503407723,Rzeszowski
Żłobek Miejski w Leżajsku,zlobek@miastolezajsk.pl,http://www.zlobeklezajsk.pl,172401064,Leżajski
Dwujęzyczny Żłobek Niepubliczny Mistrzowie Zabawy,jolanta.kordas.mistrzowiezabawy@gmail.com,https://www.przedszkolemistrzowiezabawy.mielec.pl/,506581688,Mielecki
Żłobek Maluszkowo,biuro@maluszkowo.com.pl,http://www.maluszkowo.com.pl,517515555,Rzeszowski
Filia Żłobka Miejskiego nr 7 w Mielcu,filiazlobek7@zlobki.mielec.pl,http://zlobki.mielec.pl/,177874675,Mielecki
U cioci Lidzi,r_lidia@vp.pl,,692640687,Mielecki
GMINNY ŻŁOBEK IM. WŁADYSŁAWY MARKIEWICZÓWNY W GŁOWIENCE,zlobek@miejscepiastowe.pl,http://www.miejscepiastowe.pl,133073560,Krośnieński
Niepubliczny Żłobek Entliczek Pentliczek,akademia.entliczek@gmail.com,https://akademia-entliczek.pl/zlobek/,517079360,Rzeszów
Żłobek Mieleckie smerfy,przedszkole@mieleckiesmerfy.pl,mieleckiesmerfy.pl,661252625,Mielecki
Żłobek Samorządowy Nr 2,dyrektor@zlobek2.sanok.pl,http://www.zs2-sanok.ires.pl,134632929,Sanocki
Żłobek Miejski w Lubaczowie,sekretariat@mp2.lubaczow.pl,http://www.lubaczow.pl,166329127,Lubaczowski
Żłobek Gminny w Dydni (brzozowski),zosdydnia@poczta.onet.pl,https://zlobekdydnia.edupage.org/,134303253,Brzozowski
Żłobek Maluszkowo VI,biuro@maluszkowo.com.pl,http://www.maluszkowo.com.pl,500055522,Rzeszów
TĘCZOWA DOLINA AGNIESZKA WERESZCZYŃSKA,TECZOWADOLINA@POCZTA.FM,http://teczowadolina-brzostek.pl/,530189678,Dębicki
Prywatny żłobek ZIELONY MOTYLEK,JULIASZARGUT@ZIELONYMOTYLEK.PL,http://WWW.ZIELONYMOTYLEK.PL,698540532,Rzeszów
Żłobek Parafialny Niepubliczny Cherubinki w Zaczerniu,zlobekcherubinki@wp.pl,przedszkoleudominikanek.pl,723334199,Rzeszowski
Tęczowy oddział żłobkowy Zofia Zwolińska,zofia.zwolinska1@o2.pl,,511006901,Przemyski
Niepubliczny Parafialny Żłobek u Wojtusia,zlobekuwojtusia@gmail.com,http://www.parafia.trzebownisko.pl/,723728789,Rzeszowski
Żłobek Misie Tulisie Dębica,dyrektor.stalowawola@misietulisie.edu.pl,https://www.misietulisie.edu.pl,536000281,Dębicki
Gminny Żłobek w Korczynie,zlobek@korczyna.pl,http://www.korczyna.pl,134334654,Krośnieński
Żłobek Nr 4 SASANKA,zlobek4@mzz.resman.pl,mzz.resman.pl,177481138,Rzeszów
Music Garden Agata Tkaczow,przedszkolakimuzyczne@gmail.com,przedszkolemuzyczne.edu.pl,518239319,Rzeszów
Niepubliczny Żłobek Zaczarowany Domek,zaczarowanydomek1@gmail.com,,605415565,Ropczycko-sędziszowski
Klub Dziecięcy Magiczny Zakątek,magicznyzakateklipnica@gminadzikowiec.pl,http://gminadzikowiec.pl/,177479007,Kolbuszowski
Niepubliczny Żłobek Zosia Samosia,kontakt.zosiasamosia@gmail.com,https://www.facebook.com/Niepubliczny-%C5%BB%C5%82obek-Zosia-Samosia-101512834664896,535514540,Rzeszów
Gminny Żłobek Wesołe Maluchy w Rymanowie - Zdroju - Desznie  (Zespół Żłobków Gminy Rymanów),dyrektor.zlobek@rymanow.pl,http://www.rymanow.pl,732602708,Krośnieński
Żłobek w Markowej,zlobek@markowa.pl,http://www.markowa.pl,172831123,Łańcucki
Żłobek Maluszkowo VII,biuro@maluszkowo.com.pl,http://www.maluszkowo.com.pl,515055060,Rzeszów
Nowe miejsca opieki żłobkowej w Przeworsku,wssg@vp.pl,http://www.wssgprzeworsk.edu.pl,731776775,Przeworski
Gminny Żłobek nr 4,zlobek@glogow-mlp.pl,http://zlobek.glogow-mlp.pl/,177897243,Rzeszowski
Klub dziecięcy Mali odkrywcy - Joanna Żurawel,zuraweljoanna@gmail.com,http://www.maliodkrywcy.przemysl.pl,663061285,Przemyśl
Żłobek Miejski nr 1 w Tarnobrzegu,zlobek1@oswiata.tarnobrzeg.pl,http://zlobekmiejski.tarnobrzeg.pl/,"158151108,699887718",Tarnobrzeg
Akademia Maluszka Słodki Bobasek s.c,KONTAKT@SLODKIBOBASEK.PL,http://WWW.SLODKIBOBASEK.PL,695761799,Rzeszowski
Miejski Żłobek Radosny Zakątek,sekretariat@mz.jaroslaw.pl,http://mz.jaroslaw.pl/,167363665,Jarosławski
Kraina Maluszka,s.s.ostoja@gmail.com,http://www.zlobek-krainamaluszka.pl/,883633030,Przemyśl
Żłobek Parafialny im. św. Józefa w Głogowie Małopolskim,biuro@przedszkole.naniwie.pl,http://www.przedszkole.naniwie.pl,695169606,Rzeszowski
Gminny Żłobek w Łazach Dębowieckich,zlobek@lazydebowieckie.pl,zlobek.lazydebowieckie.pl,574474084,Jasielski
Niepubliczny Żłobek HAPPY KIDS,edycia171@wp.pl,http://www.happykids-kolbuszowa.pl,665548280,Kolbuszowski
Żłobek Tygrysek w Głuchowie,tygrysekbiuro@gmail.com,tygrysek-przedszkole.pl,785195063,Łańcucki
Kraina Malucha,zlobek.jagiellonska44@gmail.com,"Jagiellońska, 44, 38-500 Sanok",784637442,Sanocki
NIEPUBLICZNY ŻŁOBEK NR 2 TWÓRCZA KRAINA,kontakt@przedszkole-strzyzow.pl,,695639361,Strzyżowski
Żłobek Bajkolandia oddział Piskorowice,l.bajkolandia@interia.pl,http://bajkolandia.lezajsk.pl/,535084567,Leżajski
Żłobek Samorządowy w Radymnie,zlobek@radymno.pl,http://www.radymno.pl,531837333,Jarosławski
Samorządowy żłobek w Baranowie Sandomierskim,zlobek@baranowsandomierski.pl,zlobekbaranowsandomierski.pl,158460399,Tarnobrzeski
Bajkowy żłobek,rekrutacja@bajkowyzlobek.com,http://www.bajkowyzlobek.com,533523231,Stalowowolski
Niepubliczny Żłobek MiniJa,grupa.aim@gmail.com,,693631091,Rzeszów
Maluszkowo,maluszkowo.w2@gmail.com,"Adres korespondencyjny: Rzeszów, ul.Krajobrazowa 20/E2",576363014,Dębicki
Żłobek Nr 12 ŻWIREK i MUCHOMOREK,zlobek12@mzz.resman.pl,mzz.resman.pl,177481136,Rzeszów
Żłobek Miejski w Sędziszowie Małopolskim,zlobek@sedziszow-mlp.pl,http://www.sedziszow-mlp.pl,887409940,Ropczycko-sędziszowski
KLUB DZIECIĘCY MAŁE KROCZKI JUSTYNA KOŁODZIEJ,malekroczki.klub@gmail.com,,782431316,Rzeszowski
ZŁOBEK MIEJSKI,dyrektor@zlobeknisko.pl,http://www.zlobeknisko.pl,579471303,Niżański
Publiczny Żłobek nr 2 w Krasnem,biuro@maluszkowo.com.pl,http://www.maluszkowo.com.pl,517515555,Rzeszowski
Prywatny Tęczowy Oddział Żłobkowy Zofia Zwolińska,zofia.zwolinska1@o2.pl,,511006901,Przemyski
Żłobek Jaś i Małgosia 2,jasimalgosia.ewa@gmail.com,http://www.jas-malgosia.com,609214208,Łańcucki
Niepubliczny Żłobek Monte,ag.tereszkiewicz@gmail.com,http://zlobekmonte.pl/,733037545,Rzeszowski
Żłobek Nr 9  PUCHATEK,zlobek9@mzz.resman.pl,mzz.resman.pl,177481140,Rzeszów
NIEPUBLICZNY ŻŁOBEK MAŁY MARSZAŁEK,malymarszalek24@gmail.com,http://WWW.MALYMARSZALEK.EDU.PL,880761781,Dębicki
Prywatny Żłobek Truskawkowe Ranczo Marcin Cichoński,truskawkowerancza@gmail.com,,506039534,Przemyski
Prywatny Żłobek Truskawkowe Ranczo,truskawkowerancza@gmail.com,,506039534,Przemyski
Żłobek Samorządowy w Woli Zarczyckiej,z_wz@nowasarzyna.eu,http://www.nowasarzyna.eu,172417015,Leżajski
Niepubliczny żłobek  Mały Miś,niepubliczny.malymis@wp.pl,,663861694,Kolbuszowski
Żłobek Samorządowy w Lesku,zlobek.lesko@gmail.com,http://www.lesko.pl,604619255,Leski
EncePence II,encepence.lancut@gmail.com,,782750782,Łańcucki
żłobek Calineczka,biuro@radosne-dziecko.pl,http://www.radosne-dziecko.pl,513173511,Mielecki
Klub Dziecięcy Bajkowy Dworek w Boratynie,bajkowydworek@chlopice.pl,http://www.chlopice.pl,669349846,Jarosławski
Klub Dziecięcy w Wólce Łętowskiej,klubdzieciecywl@gmail.com,http://www.nowasarzyna.eu,507433645,Leżajski
Klub Dziecięcy Mały Jeżyk w Jeżowem,klub.malyjezyk@jezowe.pl,http://www.jezowe.pl,500779442,Niżański
Przedsiębiorstwo usługowe Iskierki Milena Kamińska,iskierkipu@gmail.com,,883113353,Rzeszów
Żłobek Kocie Łapki,kocielapki.zlobek@gmail.com,,662880726,Strzyżowski
Publiczny Żłobek w Wielkich Oczach,zlobek@wielkieoczy.pl,,845432921,Lubaczowski
Publiczny Żłobek w Wadowicach Górnych,zlobek@wadowicegorne.pl,,146665707,Mielecki
Żłobek w Jamnicy,dyrektor@zlobekjamnica.pl,https://zlobekjamnica.pl,664420303,Tarnobrzeski
Publiczny Żłobek  Nr 1 w Krasnem,zlobek@gminakrasne.pl,https://zlobekkrasne.edupage.org,172300375,Rzeszowski
Żłobek Samorządowy,zlobekuherce@gminaolszanica.pl,http://www.olszanica.pl,134618026,Leski
Żłobek KAMON,przedszkolekamon@gmail.com,,726290818,Przemyśl
Akademia Maluszka Słodki bobasek s.c,kontakt@slodkibobasek.pl,http://www.slodkibobasek.pl,695761799,Rzeszowski
Akademia Maluszka Słodki Bobasek,kontakt@slodkibobasek.pl,http://WWW.SLODKIBOBASEK.PL,695761799,Rzeszowski
Żłobek Niepubliczny Mistrzowie Zabawy,jolanta.kordas.mistrzowiezabawy@gmail.com,https://www.przedszkolemistrzowiezabawy.mielec.pl/,506581688,Mielecki
Publiczny Żłobek w Iwierzycach,zlobek@iwierzyce.pl,Iwierzyce.pl,667788037,Ropczycko-sędziszowski
Gminny Żłobek BAJKOWA KRAINAw Roźwienicy,biuro@bajkowakraina.naszzlobek.com,https://bajkowakraina.naszzlobek.com/,510626030,Jarosławski
Niepubliczny Żłobek Językowo - Artystyczny Little ARTists,sekretariat@przedszkole-little-artists.pl,http://www.przedszkole-little-artists.pl,789566692,Sanocki
Niepubliczny Żłobek Motylek,motylekkrosno@interia.pl,http://przedszkolemotylek.krosno.pl/,502369086,Krośnieński
Samorządowy żłobek w Muninie,munina237@wp.pl,gminajaroslaw.pl,166231295,Jarosławski
Niepubliczny Żłobek Stokrotka,kontakt.przedszkolestokrotka@gmail.com,http://www.stokrotka-krosno.pl,609007181,Krosno
Żłobek w Bliznem,blizne@zlobek.jasienicarosielna.pl,http://www.jasienicarosielna.pl,133061587,Brzozowski
Niepubliczny Integracyjny Żłobek NIBYLANDIA Sp. z o.o.,agnieszka.jucha7@gmail.com,https://nibylandia-lancut.pl/,663935577,Łańcucki
Żłobek  Leśny Domek,Zlobeklesny-domek484@wp.pl,,790252432,Leżajski
Niepubliczny Żłobek PINOKIORZESZOW sp. z o.o.,pinokiorzeszow@wp.pl,,606475850,Rzeszów
Publiczny Żłobek w Czudcu Oddział Babica,zlobek@czudec.pl,http://www.czudec.pl,172508515,Strzyżowski
Gminny Żłobek w Ulanowie,zlobek@ulanow.pl,,577039222,Niżański
Niepubliczny Żłobek Słoneczny Zakątek,ewelina_mok@o2.pl,https://sloneczny-zakatek.pl/,533038500,Kolbuszowski
Niepubliczny Żłobek Guziczek,krosno@zlobek-guziczek.pl,,662828983,Krosno
FILIA żłobka nr 7,zlobek7@mzz.resman.pl,mzz.resman.pl,177481940,Rzeszów
Żłobek Przystań Malucha ENWAT Marek Bagniak,przystan-malucha@enwat.eu,,577720666,Leżajski
Samorządowy Żłobek w Białobrzegach,zlobek@gmina-bialobrzegi.pl,,177715015,Łańcucki
Żłobek Gminny w Brzezówce,dyrektor@zlobekbrzezowka.pl,http://www.ropczyce.eu,172212197,Ropczycko-sędziszowski
Miejsko - Gminny Żłobek w Strzyżowie,miejskogminnyzlobekstrzyzow@gmail.com,http://www.strzyzow.pl,533572429,Strzyżowski
Żłobek Miejski na Os. Mehoffera w Ropczycach,sekretariat@zlobekmehoffera.pl,http://www.zlobekmehoffera.pl,177222811,Ropczycko-sędziszowski
Klub Malucha w Brzyskach,klub.dzieciecy@brzyska.pl,brzyska.pl,134460105,Jasielski
Żłobek Miejski Nr 3 w Stalowej Woli,zm3@stalowawola.pl,http://www.stalowawola.pl,693101369,Stalowowolski
Montessori Jasło - Żłobek Chatka Puchatka,chatkajaslo@gmail.com,,534771716,Jasielski
Żłobek w Giedlarowej,zlobek@poczta.gminalezajsk.pl,https://samorzad.gov.pl/web/gmina-lezajsk,534483231,Leżajski
"Publiczny Żłobek w Rożniatowie Rożniatów 5a, 37-205 Zarzecze",maluch@zarzecze.itl.pl,http://www.gminazarzecze.pl,166401055,Przeworski
Żłobek w Kamieniu,kamien@ops.net.pl,,172499421,Rzeszowski
Gminny Żłobek w Majdanie Królewskim,sekretariat@majdankrolewski.pl,http://www.majdankrolewski.pl/,158471074,Kolbuszowski
Żłobek w Żołyni,zlobek@zolynia.pl,http://www.zolynia.pl,884428903,Łańcucki
Publiczny Żłobek w Czudcu,zlobek@czudec.pl,http://www.czudec.naszzlobek.com,172508515,Strzyżowski
Żłobek Miejski w Jaśle,kontakt@jaslozlobek.pl,https://jaslozlobek.pl/,+48134450630,Jasielski
Samorządowy Żłobek PROMYCZEK,promyczek@edu.bukowsko.pl,http://www.bukowsko.pl,+48726229408,Sanocki
Niepubliczny Żłobek Wesołe Perełki,beata.lonc@adres.pl,,786136298,Przemyski
Prywatny żłobek Zielony Motylek,juliaszargut@zielonymotylek.pl,http://www.zielonymotylek.pl,698540532,Rzeszów
Żłobek Bajkolandia oddział Wierzawice,l.bajkolandia@interia.pl,http://www.bajkolandia.lezajsk,889035656,Leżajski
Gminny Żłobek w Krajowicach,dyrektor@krajowicezlobek.pl,,134915522,Jasielski
Żłobek Gminny w Pysznicy,zlobek@pysznica.pl,pysznica.pl,158410086,Stalowowolski
Żłobek MALUSZKOWO w Kielanówce,biuro@maluszkowo.com.pl,http://www.maluszkowo.com.pl,517515555,Rzeszowski
Samorządowy Żłobek w Sobiecinie,spsuro@op.pl,gminajaroslaw.pl,166224791,Jarosławski
Publiczny Żłobek Samorządowy w Czarnej,dyrektor@zlobekczarna.pl,http://www.zlobekczarna.biuletyn.net,177715566,Łańcucki
Gminny Żłobek Dziecięcy Dwór w Kębłowie,zlobek@padewnarodowa.com.pl,http://www.padewnarodowa.com.pl,+48452513192,Mielecki
Żłobek Kraina Marzeń w Gniewczynie Łańcuckiej,krainamarzen@tryncza.eu,http://www.tryncza.eu,797527191,Przeworski
Samorządowy Żłobek w Haczowie,zlobek@haczow.pl,zlobek.haczow.pl,579497040,Brzozowski
ŻŁOBEK KRAINA SŁODZIAKÓW,zlobekjaslo@gmail.com,,533998780,Jasielski
Super Żłobek Tosia i Ja,biuro@grupampd.pl,http://www.tosiaija.pl,606943436,Rzeszów
Publiczny Żłobek Lolek w Woli Rzeczyckiej,oswiata@radomysl.pl,http://www.radomysl.pl,158431120,Stalowowolski
Żłobek Gminny w Pustkowie - Osiedlu,zspustkowosiedle@gzeas.pl,ugdebica.pl,146818811,Dębicki
NIEPUBLICZNY ŻŁOBEK ŻŁOBEK MONTESSORI,info@montessori.rzeszow.pl,http://WWW.MONTESSORI.RZESZOW.PL,787687011,Rzeszów
Klub Malucha Wesołe Skrzaty w Cmolasie,cmolas@cmolas.pl,http://www.cmolas.pl,172837702,Kolbuszowski
Żłobek Publiczny w Pruchniku,zlobek@gminapruchnik.pl,http://www.gminapruchnik.pl,+48166288072,Jarosławski
Gminny Żłobek w Świerchowej,zlobekswierchowa@osiekjasielski.pl,http://www.osiekjasieslki.pl,134420005,Jasielski
Żłobek Niepubliczny Akademia Małego Geniusza,biuro.akademiageniusza@gmail.com,,511519076,Sanocki
Żłobek Baltima Montessori w Łukawcu,edukacjabaltima@gmail.com,przedszkole-baltima.pl,692037591,Rzeszowski
Niepubliczny Żłobek Kraina Odkrywcy 2,dyrektor@przedszkolekrainaodkrywcy.pl,,535316828,Rzeszów
Żłobek Samorządowy MAŁY MIŚ w Gorliczynie,psgorliczyna@wp.pl,,163000315,Przeworski
Żłobek Maluszkolandia,maluszkolandia.mielec@gmail.com,,172506525,Mielecki
Żłobek Chmurka,zlobekchmurka@gmail.com,,733649388,Krośnieński
Żłobek Samorządowy w Chmielniku,zlobek@chmielnik.pl,http://www.chmielnik.pl,172304240,Rzeszowski
Bociuś Niepubliczny Żłobek w Posadzie Zarszyńskiej,beata.szalankiewicz@o2.pl,,504864686,Sanocki
Żłobek Gminny,zlobek@nowyzmigrod.eu,nowyzmigrod.eu,134415616,Jasielski
Żłobek Samorządowy w Niebylcu,zlobekniebylec@wp.pl,http://www.niebylec.pl,177462088,Strzyżowski
Kreatywni Odkrywcy,lukaszhamryszczak@gmail.com,,691107880,Przemyśl
Niepubliczny Żłobek Mali Odkrywcy,maliodkrywcy.mielec@gmail.com,,883077309,Mielecki
ŻŁOBEK SAMORZĄDOWY W BESKU,zlobek@besko.pl,http://www.besko.pl,514288386,Sanocki
Żłobek Samorządowy w Siedliskach Kolorowe Świetliki,biuro@maluszkowo.com.pl,http://www.maluszkowo.com.pl,517515555,Rzeszowski
Klub Dziecięcy Leśna Kraina w Adamówce,cus@adamowka.pl,https://cus.adamowka.pl/,168889670,Przeworski
Publiczny Żłobek Arka w Żurawicy,zuragmina@zurawica.pl,,166713378,Przemyski
Żłobek Samorządowy przy Domu Ludowym,e.pelc@ugorly.pl,,+48530456505,Przemyski
Bajkowy Żłobek,bogusia.st@onet.pl,,604429156,Przeworski